inventory_id,product_id,store_id,stock_quantity,last_restock_date,supplier_name
1,9,73,11,24-08-2024,Cunningham Inc
2,398,45,486,05-04-2024,Pearson-Phillips
3,306,13,278,03-07-2024,"Lloyd, Kelley and Conner"
4,158,76,158,23-02-2025,Rodriguez-Johnson
5,144,27,326,12-02-2025,Thomas PLC
6,137,10,473,21-07-2024,Keller-Davis
7,398,36,15,11-05-2024,Graham-Goodman
8,58,97,401,18-12-2024,Barry Inc
9,252,52,37,13-01-2025,"Mejia, Daniels and Hunter"
10,89,96,42,30-07-2024,"Mccormick, Montgomery and Thomas"
11,259,27,193,08-07-2024,"Smith, Vaughn and Sampson"
12,289,94,259,29-10-2024,Johnston-King
13,39,80,61,23-12-2024,"Stevens, Curtis and Morrison"
14,200,24,145,31-05-2024,"Greene, Moore and Brown"
15,269,59,210,06-01-2025,Conner LLC
16,496,97,403,19-09-2024,Barker-Kennedy
17,460,98,129,06-11-2024,Winters-Burton
18,362,14,124,21-03-2025,"Russo, Turner and Olson"
19,144,22,499,09-09-2024,Anderson-Butler
20,79,58,461,29-11-2024,Crawford-Martin
21,132,69,356,19-02-2025,Hudson-Wheeler
22,251,56,10,02-12-2024,Cannon Inc
23,75,77,379,27-06-2024,"Proctor, Khan and Garcia"
24,320,70,223,01-12-2024,"Sullivan, Martinez and Russell"
25,293,90,136,02-12-2024,Collins-Martin
26,274,80,297,05-06-2024,Juarez-Rogers
27,228,58,413,05-06-2024,"Spencer, Beltran and Powell"
28,448,28,182,30-03-2025,"Johnson, Dixon and Andersen"
29,292,82,166,24-09-2024,"Riddle, Sosa and Hunt"
30,115,72,76,29-04-2024,Wilkins Inc
31,444,66,249,24-12-2024,Reynolds-Little
32,249,34,238,06-01-2025,Bennett and Sons
33,491,72,140,30-08-2024,"King, Howell and Kim"
34,208,5,145,27-11-2024,"Smith, Lopez and Kline"
35,215,6,389,30-07-2024,"Holloway, White and Gilmore"
36,438,94,51,17-05-2024,Holmes Inc
37,339,61,65,27-06-2024,"Mcknight, Hernandez and Reyes"
38,332,59,33,30-06-2024,Lewis and Sons
39,220,36,304,01-03-2025,Smith LLC
40,391,3,406,07-05-2024,Lee and Sons
41,196,74,61,31-03-2025,"Poole, Mcintyre and Alvarado"
42,212,18,12,08-06-2024,Myers PLC
43,100,85,308,11-12-2024,Lewis Inc
44,27,22,485,25-11-2024,Gonzalez LLC
45,206,6,70,02-09-2024,Nunez-Williams
46,84,89,401,07-06-2024,Kaufman-Taylor
47,442,62,124,30-11-2024,Hampton PLC
48,432,72,284,17-12-2024,"Richardson, Clark and Guzman"
49,56,59,491,16-05-2024,Kerr-Santos
50,236,5,383,24-07-2024,"Carrillo, Mahoney and Rowland"
51,454,56,120,21-05-2024,Boyer-Ward
52,181,73,374,29-09-2024,Oneill-Walker
53,260,76,287,19-01-2025,Martinez and Sons
54,442,64,104,21-06-2024,Norris Group
55,247,78,188,27-12-2024,Delacruz-Savage
56,368,83,408,14-06-2024,Lopez Ltd
57,411,74,44,23-10-2024,Hays-Palmer
58,11,18,387,28-06-2024,Lee-Cowan
59,1,28,26,30-10-2024,Elliott Ltd
60,58,64,253,10-12-2024,Bird Group
61,396,3,366,15-06-2024,Nicholson-Ward
62,243,98,208,13-06-2024,"Roberts, Clark and Spencer"
63,38,100,31,10-07-2024,Smith-Dixon
64,173,24,235,26-01-2025,Jones-Forbes
65,69,30,309,14-12-2024,"Adams, Beasley and Porter"
66,419,33,498,29-11-2024,Contreras-Nguyen
67,153,48,360,15-10-2024,Vazquez-Calderon
68,494,80,102,02-06-2024,Fischer PLC
69,118,45,98,02-10-2024,Hughes-Austin
70,128,84,158,09-08-2024,Dean-Jones
71,434,75,134,22-11-2024,Brown Group
72,421,14,406,17-05-2024,"Hicks, Peterson and Page"
73,323,26,214,08-09-2024,Gregory LLC
74,492,66,423,22-02-2025,Davis PLC
75,234,89,313,01-12-2024,Keller-Rivera
76,283,50,280,15-12-2024,Allen-Todd
77,476,53,306,31-01-2025,Thomas Inc
78,162,92,18,20-11-2024,Leach-Cortez
79,59,23,208,01-10-2024,"Bush, Scott and Arnold"
80,10,91,470,04-09-2024,Moss-Salas
81,493,21,135,17-11-2024,Barber Group
82,398,54,153,06-02-2025,Murray Inc
83,167,53,436,10-04-2024,"Wolf, Garcia and Lewis"
84,210,93,395,27-08-2024,Obrien-Smith
85,144,80,75,04-03-2025,Jones-Gross
86,191,97,170,08-03-2025,Rodriguez-Thompson
87,335,30,487,08-09-2024,"Rangel, Forbes and Carter"
88,286,44,70,18-01-2025,Dalton Ltd
89,495,100,345,13-04-2024,Dudley LLC
90,284,77,36,22-12-2024,Cantrell-Griffin
91,246,51,389,29-12-2024,Wagner-Salinas
92,121,60,234,26-03-2025,"Lucas, Gordon and Evans"
93,81,83,38,08-04-2024,Butler-Brown
94,128,49,108,03-10-2024,"Mason, Hensley and Harrison"
95,136,52,166,19-12-2024,"Morris, Bennett and Cruz"
96,433,50,421,29-10-2024,"Perez, Gallegos and Holmes"
97,38,9,360,14-09-2024,Jacobs PLC
98,358,22,254,15-10-2024,Schwartz Inc
99,289,96,328,12-12-2024,Barker LLC
100,39,26,281,04-11-2024,Cervantes-Gilbert
101,23,4,483,18-10-2024,"Parker, Lyons and Parker"
102,327,51,145,18-03-2025,Evans LLC
103,422,71,180,11-01-2025,Cook-Espinoza
104,179,44,14,02-08-2024,Serrano-Wade
105,47,61,54,20-02-2025,Griffin PLC
106,198,66,358,21-10-2024,"Mendez, Phelps and Miller"
107,374,41,52,30-09-2024,Green-Olson
108,490,86,371,23-08-2024,Harmon-Hanson
109,338,88,428,27-07-2024,Kelly-Vaughan
110,119,69,373,03-03-2025,Roach Inc
111,398,77,193,01-05-2024,Thompson-Frey
112,413,40,119,08-06-2024,Hernandez-Johnson
113,342,93,138,02-05-2024,Santos-Griffith
114,134,68,190,04-10-2024,Woods and Sons
115,26,16,385,11-05-2024,Carter-Webster
116,323,97,40,15-03-2025,Jenkins LLC
117,184,100,223,17-07-2024,"Pruitt, Jackson and Hughes"
118,472,72,118,18-02-2025,Smith LLC
119,48,21,408,10-11-2024,Hopkins Ltd
120,152,80,434,24-12-2024,"Mcconnell, Villegas and Cannon"
121,177,11,377,24-10-2024,George Inc
122,20,61,364,23-02-2025,"Dodson, Miller and Williamson"
123,269,93,71,26-12-2024,Huynh Ltd
124,304,83,417,27-03-2025,"Glenn, Higgins and Jackson"
125,26,29,262,10-09-2024,"Hinton, Boyer and Brown"
126,223,96,423,25-03-2025,"Wilson, Collins and Heath"
127,435,88,362,27-09-2024,Bennett Group
128,345,70,159,16-10-2024,Wilcox-Scott
129,376,39,106,29-12-2024,Stanley Inc
130,51,98,310,16-05-2024,Wilson Group
131,275,88,487,08-06-2024,Evans-Barrett
132,429,46,135,15-02-2025,Peterson-Andersen
133,9,27,84,06-08-2024,Gray Ltd
134,36,33,137,01-01-2025,"Franco, Garcia and Wilson"
135,250,92,222,11-05-2024,Mendoza-Wilcox
136,133,7,384,27-08-2024,Carroll Group
137,107,93,172,29-07-2024,"Livingston, Schmidt and Oliver"
138,4,2,435,14-05-2024,Phillips Inc
139,61,34,304,01-06-2024,"Castillo, Aguilar and Hinton"
140,281,35,414,26-06-2024,"Graham, Williams and Brown"
141,464,84,214,22-01-2025,Christensen LLC
142,116,37,421,23-09-2024,"Walsh, Roberts and Miller"
143,224,63,130,26-09-2024,Mitchell-Turner
144,93,6,221,13-04-2024,Mccarthy PLC
145,68,41,27,16-12-2024,"Brown, Gross and Harris"
146,266,17,461,31-10-2024,"Garcia, Parrish and Smith"
147,94,78,203,30-11-2024,Mckee and Sons
148,457,97,38,23-12-2024,"Campbell, Lee and Gonzalez"
149,233,49,38,18-01-2025,"Donovan, Jordan and Lee"
150,11,80,160,31-10-2024,Taylor LLC
151,469,75,444,31-03-2025,Allison-Martin
152,484,69,68,27-04-2024,Cowan Inc
153,351,10,24,22-06-2024,"Davis, Rivera and Shaw"
154,353,29,133,01-10-2024,Archer-Davis
155,105,69,174,13-11-2024,"Hamilton, Thomas and Robinson"
156,474,98,274,10-04-2024,Garcia Inc
157,203,89,390,23-05-2024,Smith and Sons
158,482,36,101,30-11-2024,"Burns, Johnson and Flores"
159,308,24,11,09-12-2024,"Ellis, Bailey and Wright"
160,297,94,38,23-07-2024,Matthews LLC
161,436,59,307,03-01-2025,"Guerrero, Lopez and Berry"
162,13,61,417,29-05-2024,"Delgado, Byrd and Smith"
163,345,27,281,01-03-2025,King PLC
164,320,6,471,02-06-2024,Decker-Newman
165,399,87,228,14-08-2024,"Contreras, Richardson and Taylor"
166,226,30,224,26-01-2025,Walker-Smith
167,306,19,389,27-03-2025,Carroll-Garza
168,427,11,344,19-10-2024,"Johnson, Jackson and Shields"
169,398,15,366,11-10-2024,Howell Group
170,56,85,360,07-07-2024,Finley Inc
171,28,41,231,20-11-2024,Nelson LLC
172,12,12,255,26-10-2024,Peters-Martin
173,9,48,275,13-10-2024,"Rangel, Lloyd and Galloway"
174,74,94,257,28-01-2025,White-Quinn
175,391,70,110,19-05-2024,Wright-Elliott
176,292,52,132,04-09-2024,Knight Inc
177,101,35,47,10-03-2025,"Adkins, Bright and Blackburn"
178,11,4,143,26-09-2024,Garner-Williams
179,223,30,342,07-06-2024,"Martin, Walker and Floyd"
180,443,76,278,14-05-2024,Miller-Russell
181,455,43,469,05-06-2024,Martinez Inc
182,343,35,494,30-11-2024,Hall-Smith
183,37,87,333,25-08-2024,Watts-Lopez
184,224,81,117,21-07-2024,Thomas PLC
185,8,12,387,19-01-2025,Hanna Group
186,135,49,310,20-11-2024,Howell-Hurley
187,97,15,313,15-10-2024,Martinez Inc
188,341,88,290,27-04-2024,Howard-Mccarthy
189,207,65,416,09-07-2024,Orr-Martinez
190,499,59,249,04-05-2024,Wilson-Davis
191,406,26,166,19-11-2024,Stewart Inc
192,131,10,352,07-11-2024,"Parrish, Lynch and Conner"
193,256,32,429,23-06-2024,"Phelps, Macdonald and Gilmore"
194,418,86,399,23-05-2024,Jones PLC
195,420,46,366,30-09-2024,"Wilson, Castro and Cortez"
196,50,83,154,05-11-2024,Walker PLC
197,18,66,234,29-08-2024,"Foster, Yu and Osborn"
198,33,69,408,17-10-2024,Peck-Shaffer
199,224,38,312,16-12-2024,Carrillo-Rose
200,16,88,112,19-05-2024,Love-Larsen
201,347,5,330,07-09-2024,"Butler, Baker and Gonzalez"
202,474,24,308,10-08-2024,Kennedy-Arias
203,316,90,178,09-12-2024,"Santos, Young and Peters"
204,410,27,424,09-10-2024,Robbins Inc
205,250,8,286,13-04-2024,Stewart-Hayes
206,243,36,221,28-11-2024,"Rivera, Miller and Hall"
207,102,11,263,31-10-2024,Miller-Ford
208,458,57,147,16-10-2024,Alvarado Ltd
209,52,53,249,22-01-2025,Everett-Thomas
210,128,77,404,27-12-2024,Good-Johnson
211,384,81,361,08-05-2024,Wise-Cook
212,64,56,60,25-08-2024,"Cooper, Daniels and Young"
213,454,13,452,04-01-2025,Adams-Wood
214,481,52,342,28-08-2024,"Adkins, Ewing and Bishop"
215,247,5,127,24-07-2024,"Harrington, Brown and Mckinney"
216,401,23,167,16-05-2024,"Buck, Le and Mclaughlin"
217,97,37,398,25-07-2024,"Garner, Malone and Morris"
218,136,29,214,12-08-2024,Robertson-Wood
219,412,47,18,22-11-2024,Allen-Luna
220,330,91,299,12-02-2025,"Baird, Myers and Bird"
221,58,48,498,24-05-2024,Johns LLC
222,193,63,70,01-05-2024,"Hurst, Moore and Rodriguez"
223,475,75,228,08-06-2024,Baker PLC
224,214,21,272,07-06-2024,Terry Inc
225,453,93,121,14-04-2024,Morgan-Sullivan
226,190,47,173,15-07-2024,Parsons and Sons
227,355,96,419,12-01-2025,Martin-Ortega
228,438,21,277,19-03-2025,Burton Group
229,185,77,30,15-06-2024,White-Thomas
230,159,89,105,31-05-2024,"Lopez, Jones and Hunt"
231,219,59,499,08-01-2025,Bailey Ltd
232,471,88,150,30-03-2025,"Silva, Nelson and Rice"
233,306,87,406,14-10-2024,"Weber, Douglas and Young"
234,184,76,107,29-11-2024,Jackson LLC
235,45,92,106,09-09-2024,Key and Sons
236,467,71,402,23-06-2024,Fernandez-Hamilton
237,15,8,230,01-06-2024,Howard Ltd
238,183,71,193,30-08-2024,Hughes-Campbell
239,249,48,341,10-01-2025,Jennings and Sons
240,322,55,217,14-06-2024,Ellis-Paul
241,313,37,188,20-02-2025,Curtis Group
242,35,97,449,29-06-2024,Townsend Group
243,395,100,398,07-02-2025,Trujillo-Parker
244,92,88,338,11-12-2024,"Shaffer, Huang and Turner"
245,149,95,335,18-10-2024,"Jones, Barron and Golden"
246,14,48,286,07-11-2024,"Johnson, Ortega and Lopez"
247,323,12,391,17-10-2024,Johnson Group
248,363,9,387,23-12-2024,"Palmer, Clark and Coleman"
249,96,57,146,30-08-2024,Ortiz-Vargas
250,278,81,362,12-05-2024,Martinez-Wilson
251,423,21,162,08-04-2024,Bishop LLC
252,7,70,187,30-11-2024,"Mann, Alvarez and Sutton"
253,184,94,232,23-02-2025,Brown-Stein
254,255,83,360,15-03-2025,"Rojas, Roberts and Martin"
255,450,68,107,27-05-2024,"Gibson, Wells and Flores"
256,57,54,482,01-04-2024,"Bailey, Henry and Martin"
257,388,71,463,09-06-2024,"Sanchez, Kelly and Jones"
258,398,75,354,30-05-2024,Washington Group
259,44,59,266,01-10-2024,Rush Group
260,239,49,233,24-01-2025,Chavez PLC
261,147,17,467,19-10-2024,Hill-Serrano
262,287,82,271,08-07-2024,Campos-Ramsey
263,57,2,418,11-10-2024,Fischer-Chambers
264,290,30,440,02-04-2024,Johnson-Davis
265,244,96,10,17-07-2024,"Doyle, Welch and Salazar"
266,110,44,238,02-12-2024,Carter Inc
267,271,55,439,29-12-2024,Gordon-Wilkinson
268,462,13,200,28-05-2024,"Quinn, Carter and Cisneros"
269,78,79,103,27-07-2024,Bridges and Sons
270,343,9,321,02-01-2025,"Cook, Lee and Luna"
271,339,22,66,10-09-2024,Torres Ltd
272,488,77,145,02-10-2024,"Cox, Holmes and Figueroa"
273,304,43,87,29-05-2024,"Santana, Shaffer and Kim"
274,437,31,18,24-09-2024,Newman-Gonzalez
275,136,84,228,05-08-2024,"Bennett, Carter and Adkins"
276,369,38,347,06-11-2024,King-Cruz
277,145,8,148,11-10-2024,Buchanan-Perkins
278,64,1,44,04-09-2024,Rogers Group
279,175,21,92,16-03-2025,"Love, Tate and Lewis"
280,425,98,256,17-03-2025,"Patrick, Elliott and Gutierrez"
281,311,63,455,29-07-2024,"Miles, Gilbert and Le"
282,396,99,461,29-12-2024,"Gallegos, Mayer and Durham"
283,255,35,432,04-08-2024,Rhodes-Roberts
284,23,66,34,03-09-2024,Smith-Sanford
285,101,16,243,25-05-2024,Brown-Foster
286,149,91,36,28-09-2024,Campos-Stanley
287,187,16,397,22-09-2024,Boyd PLC
288,490,24,242,20-04-2024,Shaw-Jackson
289,113,50,183,25-06-2024,"Bishop, Clark and Castaneda"
290,425,64,98,24-06-2024,"Williams, Glover and Wheeler"
291,469,40,111,20-11-2024,"Myers, Allison and Hodge"
292,372,81,478,06-06-2024,"Terrell, Watson and Arnold"
293,229,94,94,21-07-2024,Johnson-Gomez
294,322,32,205,25-08-2024,"Mayer, Hughes and Taylor"
295,213,6,442,09-08-2024,"Macias, Mcguire and Mitchell"
296,95,14,369,17-06-2024,Knight-Rodriguez
297,309,2,485,04-06-2024,Johnson Inc
298,167,57,436,15-10-2024,Thomas Group
299,109,42,403,24-08-2024,Watkins Inc
300,355,71,253,31-03-2025,"Fuller, Cervantes and Stephens"
301,250,63,194,01-02-2025,Harris Group
302,250,56,293,22-04-2024,Blackwell-Medina
303,491,50,459,21-03-2025,"Reid, Smith and Hernandez"
304,277,7,71,01-09-2024,Acosta Inc
305,208,31,40,15-10-2024,Thomas Inc
306,446,60,421,20-09-2024,"Smith, Fernandez and Hall"
307,68,66,409,27-10-2024,"Walters, Smith and Roach"
308,5,25,305,20-12-2024,"Munoz, Allen and Deleon"
309,224,6,430,02-11-2024,Gardner-Norman
310,464,5,308,22-08-2024,Jones Ltd
311,94,43,146,13-10-2024,"Walls, Smith and Dawson"
312,353,49,426,01-01-2025,Coleman-Stephens
313,475,57,53,15-06-2024,Simmons PLC
314,6,26,35,01-02-2025,Shannon-Colon
315,126,55,69,21-08-2024,Walker PLC
316,219,24,59,20-10-2024,"Cameron, Gibson and Holden"
317,160,1,391,25-04-2024,"Dillon, Patterson and Gentry"
318,302,76,186,22-10-2024,Lopez Inc
319,67,87,472,05-12-2024,"Bradley, Walker and Hart"
320,229,52,48,24-08-2024,"Bean, Frazier and Wagner"
321,431,68,478,27-01-2025,Quinn-Stephens
322,57,86,58,10-01-2025,Miller-Bryant
323,87,25,103,03-06-2024,Harris and Sons
324,473,4,61,16-02-2025,Burns and Sons
325,292,65,412,31-12-2024,"Crawford, Edwards and Kelley"
326,344,64,10,09-06-2024,Thompson Inc
327,283,32,112,29-08-2024,Middleton-Fields
328,6,95,59,05-04-2024,Romero-Jacobson
329,42,49,100,11-07-2024,Turner-Smith
330,260,56,225,07-06-2024,"Roach, Norton and Lynch"
331,3,18,384,22-03-2025,Caldwell Inc
332,303,96,25,31-05-2024,Rodriguez LLC
333,108,86,337,24-08-2024,"Hicks, Hernandez and Cox"
334,202,33,173,22-10-2024,"Ramirez, Grimes and Bernard"
335,265,8,240,03-10-2024,Atkins and Sons
336,212,62,435,03-06-2024,"Logan, Rose and Gonzalez"
337,112,50,360,18-07-2024,"Brooks, Church and Jones"
338,78,79,110,07-06-2024,Shelton-Lee
339,445,77,387,03-02-2025,Rivers-Good
340,33,88,245,14-07-2024,Johnson-Chandler
341,89,15,355,28-05-2024,Boyd-Martin
342,114,62,86,17-01-2025,"Johnson, Avery and Smith"
343,167,93,334,05-04-2024,Welch Group
344,99,15,214,10-07-2024,"Stone, Thompson and Holland"
345,12,1,331,27-05-2024,Reese-Miller
346,276,1,166,22-06-2024,"Harris, Torres and Parker"
347,222,14,424,27-10-2024,Sanchez-Lewis
348,81,38,234,29-06-2024,Myers-Valencia
349,442,27,97,21-11-2024,"Taylor, Fernandez and Macias"
350,329,91,250,03-12-2024,Lyons PLC
351,47,17,241,11-06-2024,Burns and Sons
352,141,16,256,07-08-2024,Hood-Wilson
353,497,18,98,20-09-2024,"Joseph, Collins and Adams"
354,456,16,357,30-08-2024,Evans-Wood
355,386,42,320,18-01-2025,Fitzgerald-Cox
356,138,65,255,14-09-2024,Hernandez LLC
357,433,38,237,15-11-2024,"Reed, Mitchell and Lowery"
358,14,21,426,07-03-2025,"Martinez, Berry and Estes"
359,88,71,445,31-05-2024,"Pena, Glenn and Brooks"
360,383,5,348,11-08-2024,Brown-Mahoney
361,123,39,237,14-08-2024,"Murphy, Webb and Hughes"
362,3,47,81,22-06-2024,"Tucker, Fisher and Gutierrez"
363,262,88,208,10-07-2024,Hill Ltd
364,497,84,123,16-03-2025,"Walker, Hawkins and Mejia"
365,471,82,234,05-05-2024,Johnson-Hall
366,447,41,483,10-09-2024,"Martinez, Rodriguez and Hill"
367,44,67,482,30-06-2024,Newman-Ray
368,235,87,127,31-01-2025,Larsen-Palmer
369,76,57,338,19-06-2024,Powers PLC
370,379,54,210,12-03-2025,"Simpson, Greene and Erickson"
371,12,66,360,27-10-2024,"Goodman, Woods and Olson"
372,203,22,262,30-06-2024,"Rodriguez, Davis and Cline"
373,272,6,16,08-09-2024,Mercado-Banks
374,206,58,449,27-02-2025,"Kelley, Campbell and Sandoval"
375,12,22,306,29-09-2024,Long Ltd
376,83,65,22,26-12-2024,Rodriguez PLC
377,131,31,397,13-07-2024,Mills-Salas
378,446,32,153,26-07-2024,Harris and Sons
379,313,60,340,24-03-2025,"Sanchez, Chang and Flores"
380,371,39,412,10-09-2024,"Parker, May and Hall"
381,378,45,299,19-06-2024,Jones Ltd
382,495,81,347,08-08-2024,Villarreal-Duncan
383,130,8,158,17-03-2025,Clark Group
384,279,77,433,08-02-2025,Patel-Castillo
385,9,24,400,09-05-2024,"Page, Meyer and Flowers"
386,78,9,342,05-09-2024,Davidson-Howell
387,238,16,138,10-10-2024,Smith-Mendez
388,108,60,144,01-08-2024,"Baker, Evans and Lopez"
389,75,28,208,02-11-2024,Weaver LLC
390,176,96,169,17-12-2024,Newton-Sullivan
391,119,93,268,14-11-2024,"Brown, Turner and Sanchez"
392,162,89,224,03-12-2024,Jones PLC
393,63,58,396,18-09-2024,Johnson Group
394,236,25,345,10-05-2024,Tucker and Sons
395,411,58,470,13-01-2025,Harris Inc
396,1,47,477,08-10-2024,Newton-Navarro
397,128,39,280,12-04-2024,Sawyer-Wheeler
398,133,91,34,25-10-2024,Petty-Rodriguez
399,452,36,273,29-07-2024,"Walker, Webster and Harris"
400,2,75,299,04-08-2024,"Woodward, Brown and Anderson"
401,182,39,148,03-04-2024,Collier Group
402,486,36,125,24-11-2024,Chapman LLC
403,267,82,409,10-11-2024,Watson Ltd
404,397,3,77,01-05-2024,"Hill, Fox and Mercer"
405,219,66,323,01-07-2024,Walker Ltd
406,116,10,193,27-06-2024,Duncan-Bell
407,416,4,284,11-12-2024,King-Bullock
408,223,22,83,25-07-2024,"Luna, Hughes and White"
409,309,96,236,07-08-2024,"King, Hinton and Luna"
410,14,29,496,26-11-2024,Lam Group
411,484,87,488,28-08-2024,Murphy Ltd
412,339,65,87,04-02-2025,"Weeks, Mclaughlin and Clark"
413,450,58,127,05-02-2025,"Smith, Stanton and Gardner"
414,358,57,222,27-11-2024,"Liu, Woods and Tyler"
415,196,24,270,31-10-2024,Schneider-Woods
416,210,57,346,22-05-2024,Gould-Mills
417,92,82,304,11-08-2024,Montes-Jones
418,327,82,288,08-10-2024,Velasquez Inc
419,91,89,48,23-09-2024,Marshall Ltd
420,475,23,240,26-02-2025,Ibarra Ltd
421,7,15,139,28-10-2024,"Klein, Donovan and Jordan"
422,376,77,214,06-11-2024,Miller-Lewis
423,467,65,190,25-08-2024,Mcgee-Arellano
424,330,67,77,03-11-2024,Swanson-Dennis
425,161,97,344,25-04-2024,Cole-Sims
426,157,20,404,03-08-2024,Wilson-Cox
427,320,19,453,26-08-2024,"Griffin, Carson and Griffin"
428,402,57,408,30-08-2024,"Gibson, Mckenzie and Cortez"
429,336,94,39,04-07-2024,"Martinez, Edwards and Gibbs"
430,464,50,98,12-11-2024,Martin PLC
431,249,98,217,17-06-2024,Lee Ltd
432,55,60,213,20-06-2024,"Glass, Walter and Wilson"
433,7,58,10,28-04-2024,Howard PLC
434,428,3,327,15-10-2024,"Young, Shelton and Lewis"
435,254,15,21,25-09-2024,Roman-Williams
436,48,47,127,25-03-2025,Chambers Ltd
437,87,84,116,20-04-2024,Jones-Brown
438,278,11,79,15-01-2025,"Miller, Jones and Obrien"
439,329,14,27,02-10-2024,"Morrison, Espinoza and Soto"
440,284,91,217,04-01-2025,"Hogan, Bond and Murray"
441,84,49,217,17-01-2025,Anderson LLC
442,344,17,37,09-08-2024,"Kelly, Herrera and Ballard"
443,246,60,321,23-01-2025,Mendez LLC
444,283,100,18,02-08-2024,Mcdonald-Lewis
445,29,90,252,31-10-2024,Nelson Ltd
446,42,62,454,29-10-2024,Hamilton-Walsh
447,462,87,339,28-04-2024,"Lee, Keith and Reyes"
448,270,58,396,10-11-2024,Diaz-Johnston
449,101,48,72,10-05-2024,"Donovan, Mcgrath and Wall"
450,296,68,111,03-02-2025,"Rivera, Matthews and Brown"
451,403,87,317,01-01-2025,"Brown, Hayes and Bailey"
452,329,65,162,17-12-2024,"Paul, Grimes and Hall"
453,395,68,299,24-04-2024,Moyer-Soto
454,257,15,342,14-10-2024,"Edwards, Ryan and Woodward"
455,440,51,147,20-01-2025,Gaines-Esparza
456,443,53,184,16-05-2024,Thomas Inc
457,22,16,342,19-02-2025,Richmond-Quinn
458,343,59,117,09-09-2024,"Phillips, Kane and Rogers"
459,211,97,101,17-10-2024,Williams-Barrera
460,125,34,428,18-06-2024,Cardenas PLC
461,103,30,196,20-02-2025,Brown-Carson
462,416,90,481,25-10-2024,Wagner-Poole
463,363,48,417,25-11-2024,Mcdonald LLC
464,407,81,18,20-06-2024,Sawyer-Chavez
465,244,26,265,25-05-2024,Huang-Hicks
466,30,63,238,13-01-2025,Sanchez-Holmes
467,387,91,213,31-07-2024,Jefferson-Blake
468,162,18,460,13-01-2025,Hicks-Warren
469,157,48,63,17-01-2025,Patel-Chambers
470,61,3,215,11-03-2025,"King, Riley and Williams"
471,407,50,153,28-02-2025,Baker LLC
472,257,67,268,19-04-2024,Hester-Campbell
473,99,43,454,24-05-2024,"Cobb, Johnson and Robinson"
474,445,28,53,12-11-2024,Harris-Valdez
475,158,75,124,21-11-2024,Johnson Ltd
476,109,70,74,24-10-2024,Robbins-Martinez
477,40,32,452,27-06-2024,Anderson Inc
478,209,23,332,03-11-2024,Henderson PLC
479,204,24,426,17-12-2024,Garcia PLC
480,391,10,24,19-01-2025,Cole-Benitez
481,213,59,62,09-05-2024,Rivera PLC
482,429,39,298,28-10-2024,Hensley-Pugh
483,180,87,448,21-03-2025,Howard and Sons
484,399,54,132,31-05-2024,Guerrero-Wood
485,473,36,379,15-08-2024,Dunn-Gould
486,325,63,368,05-01-2025,"Jones, Villarreal and Anderson"
487,10,73,26,29-09-2024,Rice-Black
488,224,85,343,18-09-2024,Bell Inc
489,88,65,180,13-08-2024,Sullivan Ltd
490,123,95,92,16-09-2024,Hartman Inc
491,393,91,386,29-01-2025,"Martin, Vasquez and Weaver"
492,413,2,399,21-11-2024,Schultz Group
493,346,62,441,28-08-2024,"Williamson, Juarez and Thomas"
494,290,50,407,05-06-2024,"Wilson, Berry and Griffin"
495,300,47,92,14-02-2025,Pierce Group
496,43,52,236,22-02-2025,"Gonzalez, Huerta and Harding"
497,143,100,42,06-10-2024,Diaz Inc
498,110,22,129,07-04-2024,Ferguson LLC
499,47,47,469,04-10-2024,"Clark, Willis and Solis"
500,446,24,388,18-08-2024,Delgado PLC
501,167,30,359,25-06-2024,"Maynard, Jordan and Dyer"
502,242,82,216,03-03-2025,Crawford PLC
503,500,4,423,13-05-2024,Blanchard Group
504,62,96,465,02-07-2024,Adams-Lee
505,50,91,242,09-10-2024,Orozco-Walls
506,360,2,118,06-06-2024,Vaughan PLC
507,128,60,185,16-09-2024,"Young, Lopez and Carroll"
508,396,70,24,26-06-2024,Dunn-Savage
509,346,11,273,13-01-2025,"Thompson, Powell and Wolfe"
510,252,35,209,06-12-2024,Cordova-Walker
511,485,91,324,17-08-2024,Dominguez Inc
512,88,54,379,09-01-2025,Brady Inc
513,339,71,59,04-06-2024,"Martin, Burch and Snyder"
514,310,100,450,20-07-2024,Alexander-Mann
515,102,81,367,27-12-2024,Jackson-Solomon
516,346,3,233,22-09-2024,Stanley-Valenzuela
517,369,47,314,15-05-2024,Murray-Bryant
518,138,37,155,10-08-2024,"Rubio, Crane and Cohen"
519,251,47,468,07-12-2024,Rivera Inc
520,172,50,366,27-07-2024,Mendoza-Ward
521,326,28,115,18-07-2024,Watson-Green
522,399,47,325,27-10-2024,Mccoy-Zimmerman
523,292,65,154,21-03-2025,Howell LLC
524,328,20,386,11-12-2024,"Massey, Wood and Lewis"
525,496,55,272,25-10-2024,"Ward, Smith and Garcia"
526,188,44,448,31-03-2024,Perez-Marshall
527,268,87,286,27-11-2024,"Lewis, Rose and Graves"
528,86,88,321,15-11-2024,Phillips-Williams
529,225,53,34,13-03-2025,Perez-Robertson
530,190,31,103,16-11-2024,Chang-Simpson
531,221,26,363,05-02-2025,Walker-Burgess
532,62,80,300,08-09-2024,"Gomez, Foster and Mills"
533,241,67,196,17-09-2024,Hernandez-Allen
534,198,93,275,23-09-2024,"Sanders, Flores and Anderson"
535,215,97,266,27-08-2024,Rich Inc
536,371,28,473,08-01-2025,Jones-Williams
537,225,3,160,26-10-2024,Montoya-Hale
538,49,3,462,05-02-2025,Hicks and Sons
539,437,48,329,01-12-2024,"Hendricks, Brown and Martinez"
540,451,11,365,17-04-2024,Johnson LLC
541,162,26,462,08-06-2024,Hall-Evans
542,395,90,36,05-09-2024,Ramos-George
543,493,97,323,10-04-2024,Rowe-Castro
544,91,8,181,22-11-2024,Bullock-Morris
545,14,41,79,02-09-2024,"Martin, Ross and Bishop"
546,340,6,113,28-10-2024,"Rodriguez, Wood and Richards"
547,431,65,225,22-05-2024,White-Phillips
548,380,45,475,04-12-2024,Long and Sons
549,487,91,219,03-05-2024,Mathis-Sandoval
550,20,32,450,25-01-2025,Sanchez Inc
551,263,21,23,27-08-2024,Randall Inc
552,158,51,192,06-11-2024,"Kent, Price and Alvarez"
553,421,23,130,16-02-2025,Johnson Inc
554,400,67,317,29-05-2024,Baker and Sons
555,92,52,342,29-10-2024,Briggs Ltd
556,82,87,374,06-08-2024,"Gillespie, Alexander and Obrien"
557,175,17,321,24-02-2025,"Cantu, Gross and Weber"
558,147,13,411,28-09-2024,Fitzgerald LLC
559,485,7,440,27-09-2024,"Hernandez, Osborne and Parks"
560,11,96,487,23-10-2024,"Bates, Miller and Calhoun"
561,91,17,22,17-08-2024,Hunt LLC
562,116,33,384,21-09-2024,Olson Ltd
563,63,29,295,25-06-2024,Todd and Sons
564,422,37,150,17-07-2024,Butler LLC
565,9,80,10,29-03-2025,"Williams, Ashley and Martin"
566,65,56,164,04-01-2025,Conley-Weber
567,172,10,111,14-06-2024,Turner-Richard
568,437,7,465,23-09-2024,"Logan, Ponce and Clark"
569,95,30,335,14-03-2025,Roberts-Robinson
570,29,40,22,27-10-2024,Perkins Inc
571,90,17,11,14-05-2024,"Crawford, Rivas and Hall"
572,329,81,189,29-10-2024,Lam Inc
573,10,62,15,29-05-2024,"Barrera, Smith and Rodriguez"
574,55,69,412,10-05-2024,Mitchell Inc
575,86,69,397,21-10-2024,Henson Inc
576,56,39,26,15-10-2024,Tucker-Christian
577,378,22,42,12-10-2024,Lyons Group
578,445,67,74,01-10-2024,"Cordova, Strickland and Carter"
579,179,55,226,05-05-2024,Harrell-Bradley
580,171,39,128,07-08-2024,"Sims, Merritt and Scott"
581,134,57,248,17-08-2024,Herman-Reed
582,408,52,457,12-03-2025,Haas Group
583,116,87,278,09-07-2024,Carroll-Berger
584,79,32,54,02-02-2025,Moore-Colon
585,418,32,51,10-09-2024,Jordan and Sons
586,126,71,226,26-11-2024,"Santos, Campbell and Novak"
587,117,82,84,15-07-2024,"Thompson, Roberts and Chang"
588,203,77,89,01-07-2024,Robles and Sons
589,222,49,382,15-11-2024,Ramirez Group
590,291,73,150,10-03-2025,Fernandez-Gutierrez
591,79,35,142,31-03-2024,"Miller, Ramirez and Holt"
592,177,30,367,11-12-2024,Melton LLC
593,461,46,469,04-01-2025,"Baird, Franco and Golden"
594,354,5,238,01-06-2024,Hansen and Sons
595,273,33,181,31-05-2024,"Dennis, Michael and Wilkins"
596,30,65,302,06-03-2025,Coffey Group
597,68,15,91,06-01-2025,Blair-Mooney
598,177,91,137,19-06-2024,Alvarez Ltd
599,211,13,484,04-04-2024,Brown LLC
600,327,52,143,15-06-2024,Gomez-Martinez
601,274,77,355,12-08-2024,Bradley Group
602,216,47,90,13-09-2024,Mata-Adams
603,499,90,495,04-04-2024,Martinez LLC
604,299,86,72,26-03-2025,"Schultz, Lee and Park"
605,477,6,37,27-03-2025,Johnson-Lee
606,217,75,207,11-10-2024,"Johnson, Johnson and Smith"
607,10,87,440,31-05-2024,Park-White
608,164,33,441,29-09-2024,Butler-Thompson
609,384,25,10,02-04-2024,Dougherty Inc
610,231,84,34,21-08-2024,"Flores, Aguilar and Duncan"
611,309,47,154,07-10-2024,"West, Cook and Walton"
612,159,41,368,30-07-2024,"Walter, Edwards and Barnett"
613,131,21,49,10-05-2024,"White, Morris and Foster"
614,442,43,346,22-03-2025,"Christian, Clayton and Gray"
615,140,74,467,06-06-2024,Anderson-Alexander
616,312,88,73,06-01-2025,Lopez-Martinez
617,238,30,293,06-11-2024,Jones-Kaiser
618,237,69,44,09-08-2024,Woods-Obrien
619,338,29,187,03-05-2024,Crawford-Johnson
620,229,1,344,22-03-2025,Pena Inc
621,368,36,387,03-06-2024,"Hill, Wells and Nguyen"
622,96,60,403,11-11-2024,Calderon and Sons
623,384,30,235,06-06-2024,"Hernandez, Whitaker and Reed"
624,44,95,195,19-12-2024,Sanchez-Hall
625,90,11,247,01-09-2024,"Reed, Allen and Boyd"
626,394,69,184,19-10-2024,Cole Inc
627,452,88,409,25-01-2025,Robertson-Long
628,51,3,187,12-11-2024,Patterson Ltd
629,454,98,302,14-10-2024,Lee-Ellison
630,432,77,454,14-07-2024,Cooper Ltd
631,176,75,309,04-01-2025,"Orr, Glenn and Duncan"
632,150,24,446,16-02-2025,"Boyd, Rice and Chang"
633,287,16,187,26-02-2025,Sandoval-Smith
634,443,18,184,14-07-2024,Schroeder-Morgan
635,109,98,315,25-01-2025,Edwards-Cordova
636,259,37,25,18-01-2025,Cook-Kelly
637,379,81,363,02-05-2024,Huff Ltd
638,432,95,283,21-03-2025,Hardin-Robbins
639,245,82,314,14-12-2024,Riley-Gutierrez
640,226,76,498,25-11-2024,Sanchez-Williams
641,300,81,495,01-12-2024,"Bryan, Williams and Brady"
642,249,62,140,19-07-2024,Wilson-Owens
643,126,27,337,09-01-2025,Miller-Casey
644,342,32,154,30-05-2024,Wilson and Sons
645,405,18,31,26-07-2024,"Rogers, Koch and Riley"
646,305,81,162,12-06-2024,Roberts-Rodriguez
647,267,31,393,27-11-2024,Rose Ltd
648,1,99,172,26-12-2024,Davis-Key
649,260,46,240,01-08-2024,Barber-Martin
650,467,83,423,24-01-2025,Walls-Gould
651,493,95,93,14-02-2025,"Wilson, Franco and Smith"
652,390,98,12,08-06-2024,Sanders-Lewis
653,494,78,22,10-09-2024,"Carter, Jones and Austin"
654,45,10,327,28-02-2025,Morris-Romero
655,161,79,223,15-12-2024,Cunningham-Fernandez
656,343,5,443,11-04-2024,Welch-Kelly
657,200,63,329,15-04-2024,"Roberts, Stephens and Cohen"
658,371,23,395,21-05-2024,"Howard, Oneal and Williams"
659,42,35,177,14-07-2024,Smith PLC
660,472,57,70,24-05-2024,Woods Ltd
661,293,18,337,12-05-2024,Butler-Wilson
662,478,62,57,22-10-2024,Tucker LLC
663,374,55,291,18-03-2025,"Frost, Young and Munoz"
664,146,89,329,08-05-2024,Patel PLC
665,343,92,38,03-03-2025,Palmer LLC
666,255,29,477,16-12-2024,"Martinez, Mendoza and Bowman"
667,413,57,424,16-10-2024,"Martinez, Bernard and Vaughan"
668,139,5,440,06-01-2025,Matthews and Sons
669,155,26,418,28-10-2024,Murphy-King
670,112,100,397,09-02-2025,Perry-Parker
671,111,65,154,22-12-2024,Garcia Group
672,246,24,70,17-10-2024,"Hart, Davies and Allison"
673,481,79,179,27-10-2024,Hill Group
674,377,55,173,25-11-2024,"Mejia, Brown and Love"
675,493,91,231,19-09-2024,Mason-Watson
676,43,14,438,16-08-2024,"Garcia, Walker and Hancock"
677,301,10,481,12-05-2024,"Shepherd, Ellison and Smith"
678,64,73,167,02-01-2025,Guerra Group
679,120,92,187,21-11-2024,Miller-Robertson
680,179,27,340,21-07-2024,"Henderson, Perez and Conrad"
681,400,75,84,16-08-2024,Duncan-Myers
682,456,2,497,03-02-2025,Gray-Stein
683,278,50,300,24-08-2024,"Luna, Joseph and Smith"
684,408,91,266,19-05-2024,"Williams, Brewer and Sanchez"
685,128,50,402,28-03-2025,"Peters, Mills and Wilson"
686,311,29,469,02-03-2025,"Henry, Lewis and Robinson"
687,12,43,92,13-03-2025,"Jones, Adams and Castillo"
688,76,7,128,29-01-2025,Payne-Garcia
689,201,5,70,13-12-2024,"Dunn, Reed and Walls"
690,398,92,353,03-05-2024,"Smith, Chavez and Lopez"
691,438,12,497,22-11-2024,"Vazquez, Hansen and Harmon"
692,491,78,253,21-09-2024,"Shepherd, Brown and Rogers"
693,278,76,118,23-07-2024,Rodgers-Rodgers
694,68,21,236,21-05-2024,"Schaefer, Owen and Austin"
695,151,69,247,12-08-2024,"Williams, Nguyen and Berry"
696,407,73,321,20-12-2024,Myers PLC
697,152,57,273,13-03-2025,Bell Group
698,162,36,314,10-05-2024,"Simmons, Smith and Cortez"
699,320,12,455,17-11-2024,Keith LLC
700,469,1,480,03-09-2024,"Martinez, Morales and Kemp"
701,348,47,152,13-09-2024,Patterson and Sons
702,222,19,145,29-07-2024,Taylor-Williams
703,338,38,444,29-03-2025,Williams-Bryant
704,355,71,483,19-01-2025,"Orozco, Gonzales and Lucas"
705,410,32,416,25-01-2025,Hall LLC
706,481,78,292,08-04-2024,"Gilbert, Harrison and Roberts"
707,95,20,32,04-02-2025,"Freeman, Manning and Kelly"
708,490,71,185,04-11-2024,"Marshall, Robinson and Ballard"
709,383,90,126,30-05-2024,Rogers LLC
710,2,34,304,12-08-2024,Griffith-Watkins
711,344,98,499,28-07-2024,"Phillips, Padilla and Shields"
712,209,100,431,17-01-2025,Cross-Weaver
713,254,95,470,06-12-2024,Larson-Allen
714,200,54,272,27-06-2024,"Mclaughlin, Cook and Johnson"
715,475,8,90,06-01-2025,"Rios, Bean and Patterson"
716,123,13,331,05-06-2024,"Chapman, Hanson and Cohen"
717,208,90,219,03-01-2025,Higgins-Jackson
718,488,90,74,09-03-2025,"Harrison, Perez and Ford"
719,386,43,184,01-08-2024,"Turner, Fletcher and Bradshaw"
720,368,50,252,11-12-2024,Johnson and Sons
721,78,71,31,17-10-2024,Rivera-Snow
722,409,29,222,26-01-2025,Mccall-Trujillo
723,261,37,156,28-07-2024,Flynn and Sons
724,104,9,274,10-10-2024,"Hall, White and Bennett"
725,475,3,49,30-07-2024,Taylor-Peterson
726,144,35,100,24-05-2024,Ramirez Inc
727,298,55,259,03-04-2024,Rhodes LLC
728,239,80,323,07-07-2024,James Group
729,339,65,345,23-06-2024,"Hernandez, Allen and Sherman"
730,277,28,327,21-12-2024,"Daugherty, Ware and Miller"
731,198,45,287,04-12-2024,Holmes LLC
732,325,33,112,29-08-2024,"Allen, Herring and Mosley"
733,66,13,455,07-03-2025,"Castaneda, Gray and Morris"
734,12,86,378,07-06-2024,Webb Group
735,23,67,246,25-08-2024,Friedman Ltd
736,123,10,309,14-12-2024,Boyd-White
737,182,99,93,30-12-2024,Mcgee and Sons
738,74,59,292,26-01-2025,"Alexander, Johnson and Miller"
739,318,33,483,08-02-2025,Baker LLC
740,354,85,408,27-07-2024,"Carpenter, Lynch and Hoffman"
741,253,25,350,26-02-2025,Miller Inc
742,488,4,210,06-03-2025,Jenkins-Rivas
743,433,91,415,05-10-2024,Martin-Davis
744,434,98,428,19-08-2024,Cooper and Sons
745,92,84,186,06-06-2024,"Walker, Bates and Mcdaniel"
746,410,34,58,03-08-2024,Martin-Taylor
747,56,93,129,09-02-2025,"Small, Burch and Dean"
748,469,73,52,20-03-2025,Munoz-Mcneil
749,153,87,63,24-07-2024,Richardson-Torres
750,168,92,410,19-02-2025,"Wheeler, Harris and Johns"
751,245,97,393,19-06-2024,Marshall-Burns
752,476,20,488,25-01-2025,Cook Inc
753,218,4,330,06-02-2025,Phillips Ltd
754,392,31,136,20-09-2024,Tran Ltd
755,404,57,261,12-06-2024,Kennedy-Pena
756,246,11,388,29-05-2024,Schneider-Walker
757,199,96,138,25-01-2025,"Rogers, Davis and Parker"
758,251,32,327,03-12-2024,Ray LLC
759,492,37,135,11-10-2024,"Cohen, Taylor and Holmes"
760,35,13,490,09-06-2024,Wallace Ltd
761,204,1,195,14-12-2024,"Sharp, Mcbride and Nicholson"
762,115,81,52,08-10-2024,Baker and Sons
763,222,82,462,31-12-2024,Huerta Group
764,76,59,102,04-07-2024,"Pitts, Richardson and Kim"
765,441,99,285,07-09-2024,"Hicks, Smith and Thompson"
766,424,19,293,08-05-2024,Martinez-Weeks
767,462,51,357,09-07-2024,Brown Group
768,498,31,443,25-02-2025,Vargas PLC
769,208,53,457,16-10-2024,Morris-Lewis
770,404,97,391,30-12-2024,Bennett and Sons
771,57,86,236,03-04-2024,Jacobson PLC
772,473,91,254,08-01-2025,"Barker, Wilson and Pineda"
773,364,31,69,12-12-2024,Dean-Warren
774,260,58,418,09-06-2024,Weber PLC
775,226,91,454,27-01-2025,Stewart-Cannon
776,84,28,233,04-10-2024,Gentry PLC
777,437,72,87,19-05-2024,Fox-Vega
778,6,91,317,04-10-2024,Cochran PLC
779,428,75,88,15-08-2024,Keith LLC
780,176,66,471,27-08-2024,Huffman LLC
781,76,30,188,27-09-2024,Hendrix Ltd
782,131,19,346,29-07-2024,"Campos, Walsh and Woodard"
783,173,5,59,14-11-2024,"Martinez, Schroeder and Mccoy"
784,25,11,366,06-10-2024,Nelson PLC
785,397,64,249,08-12-2024,Graham Ltd
786,437,96,433,03-10-2024,Smith-Mack
787,295,5,193,01-02-2025,"Davidson, Martin and Rivera"
788,94,59,11,07-10-2024,"Powell, Perry and Gentry"
789,11,73,274,25-04-2024,"Lozano, Schultz and Gill"
790,33,98,245,30-03-2025,Nelson and Sons
791,69,36,496,23-10-2024,"Stephens, King and Serrano"
792,275,35,285,03-01-2025,Oneill Inc
793,284,62,399,08-07-2024,Shaffer LLC
794,97,28,280,07-12-2024,"Cooper, Howard and Pearson"
795,424,8,324,12-11-2024,"Wagner, Aguirre and Rowe"
796,489,23,95,19-12-2024,Soto-Santos
797,145,25,466,11-02-2025,Chapman Group
798,243,55,238,25-10-2024,Williams LLC
799,163,58,427,16-04-2024,Spencer Group
800,213,58,434,27-04-2024,Wyatt-Rose
801,284,94,417,12-12-2024,Wong Group
802,169,10,40,16-01-2025,"Riddle, Mills and Wilson"
803,274,61,320,10-03-2025,Nelson-Moss
804,230,34,290,18-02-2025,Hurley Group
805,119,71,142,06-05-2024,Harding and Sons
806,420,54,450,02-01-2025,Hutchinson-Cross
807,377,79,40,03-04-2024,Carey Inc
808,320,22,30,11-01-2025,Clarke Group
809,111,24,486,02-08-2024,Stevens-Johnson
810,176,89,334,13-02-2025,Cox PLC
811,387,19,10,14-03-2025,Cox LLC
812,262,13,74,17-03-2025,Huynh and Sons
813,477,14,280,27-12-2024,White LLC
814,283,39,41,16-03-2025,Ferguson-Clark
815,87,50,89,23-02-2025,Brown Ltd
816,16,84,411,04-05-2024,"Kerr, Silva and Burke"
817,6,50,337,23-08-2024,Smith PLC
818,145,66,387,07-12-2024,Walker LLC
819,286,32,144,07-12-2024,Lewis-Garza
820,398,22,29,05-06-2024,Reynolds-Poole
821,27,68,34,21-11-2024,"Lopez, Wells and White"
822,434,83,291,31-03-2024,Frederick-Sanchez
823,147,4,379,05-03-2025,Cummings-Short
824,475,92,224,13-11-2024,Williamson-Gonzalez
825,431,67,239,09-06-2024,Williams Group
826,382,77,135,21-02-2025,"Bennett, Green and Miranda"
827,203,21,13,22-04-2024,Flowers PLC
828,145,48,311,15-09-2024,Sanford-Walker
829,166,28,40,10-08-2024,Hernandez-Crawford
830,439,53,419,19-11-2024,Hughes-Watson
831,24,97,317,05-03-2025,"Cooper, Reyes and Jones"
832,488,29,468,03-01-2025,Matthews-Clark
833,225,46,109,31-01-2025,Porter and Sons
834,490,29,472,16-03-2025,"Moore, Warner and Hall"
835,173,59,324,30-04-2024,Stephens PLC
836,362,42,232,11-10-2024,Conley LLC
837,354,20,492,02-12-2024,"Jones, Sandoval and Moreno"
838,178,60,417,04-11-2024,Garcia-Guzman
839,404,93,46,26-06-2024,"Ford, Coffey and Mccarthy"
840,414,92,175,18-06-2024,Glover LLC
841,60,28,459,11-07-2024,Scott Group
842,38,23,87,10-07-2024,Simon-Moore
843,20,59,294,29-09-2024,Kelley and Sons
844,401,74,101,12-07-2024,Wood Inc
845,447,54,390,10-10-2024,Mccoy Ltd
846,139,89,197,02-05-2024,Parker Ltd
847,330,87,299,23-05-2024,"Noble, Aguilar and Lopez"
848,161,76,234,04-08-2024,Valencia LLC
849,121,40,325,05-11-2024,"Nelson, Davis and Black"
850,238,56,17,28-11-2024,Camacho Ltd
851,124,25,230,05-11-2024,Liu-Williams
852,404,60,362,07-06-2024,Curtis-Ware
853,256,74,278,31-01-2025,Baker-Robles
854,36,68,272,09-11-2024,"Hawkins, Wilson and Martinez"
855,245,21,232,25-05-2024,Morgan-Blake
856,95,85,176,16-07-2024,"Shields, Miller and Beard"
857,4,93,241,04-10-2024,"Thompson, Wiley and Wilson"
858,204,91,216,07-06-2024,"Vargas, Alexander and Jensen"
859,281,66,286,21-05-2024,Stevenson Inc
860,168,92,340,26-03-2025,"Green, Dixon and Edwards"
861,210,67,15,30-08-2024,Thompson-Harrison
862,124,26,267,03-02-2025,Neal LLC
863,83,51,193,28-02-2025,Brown Group
864,92,34,137,27-08-2024,Graham-Perkins
865,371,27,178,09-04-2024,Stewart Ltd
866,435,68,345,26-12-2024,"Dorsey, Rodriguez and Russell"
867,126,8,234,20-07-2024,"Bautista, Hester and Rice"
868,500,61,264,19-09-2024,"Gardner, Perkins and Perry"
869,266,46,407,26-07-2024,"Harris, Armstrong and Weaver"
870,4,17,357,09-08-2024,Blanchard-Herring
871,195,41,352,26-04-2024,"Sharp, Arroyo and Hernandez"
872,118,72,331,17-01-2025,Jones-Larson
873,404,38,381,06-10-2024,Cantrell-Evans
874,456,27,454,13-12-2024,"Ford, Mejia and Lang"
875,499,34,251,06-05-2024,Sullivan PLC
876,47,75,82,30-04-2024,Anderson-Valencia
877,424,88,430,12-03-2025,Carr LLC
878,476,51,327,22-06-2024,Reilly-Holder
879,77,85,297,17-12-2024,"Armstrong, Byrd and Combs"
880,55,77,392,26-01-2025,"Robbins, Rivera and Russell"
881,155,52,273,17-03-2025,Martinez-Lee
882,76,4,266,18-04-2024,Roman-Morris
883,145,70,168,23-04-2024,Cunningham-Gonzales
884,27,80,302,04-05-2024,Olsen Ltd
885,500,14,297,01-08-2024,Morrison Ltd
886,185,4,189,09-04-2024,Davidson-Lam
887,326,84,398,11-01-2025,"Carter, Hall and Baxter"
888,364,37,461,13-07-2024,Adams Inc
889,282,91,435,21-05-2024,"Lewis, Henderson and Carr"
890,258,56,244,21-06-2024,Strickland-Massey
891,435,35,143,20-05-2024,"Garcia, Glover and Deleon"
892,398,77,211,03-01-2025,Neal Ltd
893,63,50,366,19-07-2024,Oconnell and Sons
894,323,94,278,18-11-2024,Martinez-Carlson
895,133,19,337,07-12-2024,Cruz-Taylor
896,146,52,343,23-10-2024,"Jones, Baker and Lee"
897,153,50,280,03-11-2024,"Young, Harding and Young"
898,246,35,386,05-02-2025,Adams-Bauer
899,311,73,125,29-11-2024,Rogers-Torres
900,217,49,416,20-09-2024,Ford-Cohen
901,47,30,76,21-05-2024,"Fuentes, Simpson and Williams"
902,161,15,499,20-01-2025,"Ramirez, Rios and Johnson"
903,16,52,480,13-08-2024,"Ellis, Woods and Fernandez"
904,224,68,344,30-09-2024,"Roberts, Stevens and Schwartz"
905,338,37,74,24-02-2025,Fernandez Group
906,206,62,233,21-03-2025,"Woods, Cross and Mccullough"
907,58,6,17,21-12-2024,Cooper-Navarro
908,316,57,94,31-08-2024,Harvey-Watson
909,118,65,187,04-01-2025,"Mitchell, Phillips and White"
910,83,74,152,18-06-2024,Suarez-Robinson
911,331,4,306,28-01-2025,"Mckinney, Castillo and Payne"
912,426,3,118,12-04-2024,"Romero, Baker and Newman"
913,234,9,153,15-10-2024,"Bennett, Edwards and Williams"
914,138,33,487,21-01-2025,"Hess, Shelton and Medina"
915,83,70,374,04-03-2025,Williams Ltd
916,489,85,275,11-07-2024,Simpson Ltd
917,411,88,280,18-03-2025,"Price, Orr and Morgan"
918,142,39,282,07-06-2024,Vargas Ltd
919,441,58,496,17-09-2024,"Flores, Quinn and Nichols"
920,33,3,312,11-10-2024,Alvarez and Sons
921,265,74,101,18-07-2024,Martinez Ltd
922,15,16,418,30-07-2024,Sullivan-Collins
923,168,61,491,23-04-2024,"Kelley, Nichols and Martin"
924,12,67,41,14-07-2024,"Smith, Hartman and Jones"
925,482,49,427,06-05-2024,Terrell Group
926,290,71,386,06-06-2024,Johnson-Miller
927,262,21,306,21-12-2024,"Hoffman, Harmon and Marshall"
928,269,66,64,08-11-2024,Richard-Kirk
929,311,62,17,28-08-2024,Greer and Sons
930,425,85,355,10-04-2024,"Bright, Smith and Gomez"
931,97,10,394,21-02-2025,Davis-Weeks
932,133,39,111,21-07-2024,"Jones, Williams and Suarez"
933,295,88,189,23-03-2025,Copeland-Howard
934,280,77,416,13-02-2025,"White, Miller and Harris"
935,448,69,292,26-10-2024,Carson Inc
936,216,64,316,17-07-2024,Green-Barron
937,486,20,470,20-12-2024,"Wolfe, Johnson and Freeman"
938,496,89,197,02-12-2024,"Smith, Lopez and Campbell"
939,452,20,378,27-07-2024,"Hall, Valencia and Mahoney"
940,48,51,229,22-11-2024,Rogers-Wyatt
941,85,95,16,07-05-2024,"Smith, Smith and Tran"
942,4,93,266,17-02-2025,Tyler Inc
943,214,91,191,26-09-2024,Phillips Inc
944,374,41,419,16-10-2024,Burch-Matthews
945,75,95,418,10-09-2024,"Thomas, Carpenter and Howell"
946,215,34,422,10-03-2025,Thomas Ltd
947,40,48,296,25-07-2024,Hanson-Hall
948,444,77,227,05-05-2024,"Perkins, Zamora and Greer"
949,185,19,347,13-06-2024,"Welch, Robertson and Foster"
950,238,79,456,03-10-2024,Small and Sons
951,102,93,232,01-11-2024,Cunningham-Perry
952,228,79,362,26-04-2024,Wagner Ltd
953,483,82,479,18-04-2024,Contreras-Bradshaw
954,400,47,129,22-05-2024,Duke LLC
955,436,30,75,03-04-2024,"Torres, Crosby and Vaughn"
956,427,72,464,17-11-2024,Martinez-Stewart
957,238,58,269,15-11-2024,"Jackson, Stephens and Lloyd"
958,111,60,378,19-04-2024,Craig-Rodriguez
959,85,59,491,12-07-2024,Williams-Lewis
960,468,23,36,07-10-2024,Fowler-Bauer
961,348,22,301,01-11-2024,Roman-Watson
962,276,8,438,31-12-2024,Ware-Cox
963,7,87,360,25-10-2024,Long and Sons
964,53,76,129,04-09-2024,Bonilla-Sandoval
965,14,21,304,26-04-2024,Maxwell-Lewis
966,439,87,236,29-12-2024,Tucker-Larson
967,71,3,89,09-10-2024,"Carter, Horton and Johnson"
968,314,34,55,10-11-2024,"Nelson, Bean and Curry"
969,462,37,178,11-09-2024,"Costa, Meyer and Peck"
970,335,76,466,02-09-2024,"Anderson, Dawson and Perez"
971,358,64,473,01-11-2024,"Cain, Roberts and Knight"
972,456,2,324,08-03-2025,Bishop Ltd
973,500,30,106,19-12-2024,Mendez Ltd
974,107,29,453,31-01-2025,Roberts Inc
975,278,28,64,24-08-2024,"Lewis, Long and Walters"
976,471,97,348,17-11-2024,Love-Deleon
977,348,9,184,19-08-2024,"Bond, Rivas and Brown"
978,377,8,125,05-08-2024,Fernandez-Thompson
979,166,98,185,16-04-2024,"Miller, Taylor and Barnes"
980,389,91,188,19-01-2025,Nguyen LLC
981,254,98,54,21-09-2024,"Kim, Fisher and Johns"
982,128,75,226,03-02-2025,"Leonard, Guerra and Lee"
983,434,16,212,13-11-2024,Edwards and Sons
984,98,98,86,24-05-2024,"Schmidt, Dickson and Irwin"
985,120,36,429,21-05-2024,Alvarez Group
986,217,13,275,15-01-2025,Reyes-Clark
987,294,13,354,25-07-2024,"Baker, Carlson and Smith"
988,184,79,215,07-10-2024,"Smith, Roach and George"
989,89,88,185,26-04-2024,Fitzpatrick-Solomon
990,134,62,149,16-05-2024,Peters-Farrell
991,483,100,399,08-10-2024,"Ellis, Phillips and Campbell"
992,29,89,170,29-01-2025,"Burke, Russell and Dillon"
993,381,69,73,26-01-2025,Roberts Inc
994,198,17,160,31-01-2025,"Lamb, Cooke and Gonzalez"
995,343,7,271,18-04-2024,Welch-Wheeler
996,450,46,308,17-07-2024,Rivera-Green
997,217,19,157,31-07-2024,Hunter-Watson
998,366,49,160,21-11-2024,Stark LLC
999,463,47,441,25-12-2024,Ferguson-Quinn
1000,203,17,483,30-06-2024,Turner-Porter
